state,city,total_records,anomalies,avg_score,anomaly_rate_percent
Ladakh,Leh,264840,34179,0.0013425514554401986,12.905527865881286
Rajasthan,Udaipur,264840,17935,0.0007137998332356476,6.772013291043649
Himachal_Pradesh,Mandi,264840,15866,0.0007899175816867164,5.990786890197855
Rajasthan,Ajmer,264840,14478,0.0006471067466920703,5.466696873584051
Uttarakhand,Dehradun,264840,12447,0.0006804259502134477,4.699818758495695
Jammu_Kashmir,Baramulla,264840,11688,0.0006484494017950029,4.413230629814228
Ladakh,Kargil,264840,11555,0.0008827441280228985,4.363011629663193
Rajasthan,Barmer,264840,11241,0.0006397955856433924,4.244449478930675
Jammu_Kashmir,Srinagar,264840,11095,0.000649672926899007,4.189321854704727
Chhattisgarh,Ambikapur,264840,10549,0.0006176848417873049,3.9831596435583747
Rajasthan,Jaipur,264840,10424,0.0005469019267631422,3.9359613351457483
Madhya_Pradesh,Indore,264840,9897,0.0005437801789391825,3.736973266878115
Himachal_Pradesh,Solan,264840,9784,0.0006285299713380129,3.694305996073101
Jharkhand,Ranchi,264840,9636,0.0006450542329410955,3.638423198912551
Madhya_Pradesh,Sagar,264840,9389,0.0005415107819760913,3.5451593414892013
Jammu_Kashmir,Kathua,264840,9008,0.0006055194665665162,3.4012988974475156
Sikkim,Mangan,264840,8812,0.0005956323629912014,3.327291949856517
Jharkhand,Hazaribagh,264840,8318,0.0005999982422054214,3.1407642350098173
Rajasthan,Bikaner,264840,8163,0.0005756840238867238,3.0822383325781604
Himachal_Pradesh,Kullu,264840,7940,0.0007136411473821102,2.998036550370035
Madhya_Pradesh,Ujjain,264840,7834,0.00048080288065724766,2.9580123848361275
Jammu_Kashmir,Anantnag,264840,7619,0.0005713737726634516,2.87683129436641
Rajasthan,Jodhpur,264840,7341,0.0005302469122534165,2.771862256456729
Gujarat,Ahmedabad,264840,7267,0.00044595959720962524,2.7439208578764536
Madhya_Pradesh,Bhopal,264840,7032,0.00045988410187804065,2.6551880380607162
Uttarakhand,Nainital,264840,6955,0.0005724094810437794,2.6261138800785377
Maharashtra,Aurangabad,264840,6680,0.0004806148785134993,2.5222776015707598
Uttarakhand,Almora,264840,6620,0.000527434295350165,2.499622413532699
Jammu_Kashmir,Jammu,264840,6151,0.00049532816242693,2.3225343603685245
Himachal_Pradesh,Dharamsala,264840,5821,0.0006039227346651667,2.1979308261591903
Gujarat,Anand,264840,5816,0.0004058772249222666,2.1960428938226855
Maharashtra,Nashik,264840,4978,0.0004911295089761842,1.8796254342244374
Rajasthan,Ganganagar,264840,4466,0.00039742731187054274,1.6863011629663194
Chhattisgarh,Jagdalpur,264840,4339,0.00045739932521667574,1.6383476816190907
Gujarat,Bharuch,264840,4166,0.000384655700216152,1.5730252227760158
Haryana,Sirsa,264840,3981,0.0003965006395172257,1.5031717263253286
Mizoram,Champhai,264840,3834,0.00043422342767191055,1.4476665156320798
Madhya_Pradesh,Jabalpur,264840,3526,0.0003886098473893001,1.331369883703368
Haryana,Hisar,264840,3516,0.00039054611114724985,1.3275940190303581
Gujarat,Rajkot,264840,3469,0.00033583189732171577,1.3098474550672103
Punjab,Bathinda,264840,3243,0.00037808427521147155,1.2245129134571817
Gujarat,Junagadh,264840,3169,0.0003141578716534106,1.196571514876907
Maharashtra,Pune,264840,3127,0.0004236098120978493,1.1807128832502642
Karnataka,Chikkamagaluru,264840,3084,0.0004704551819565104,1.164476665156321
Himachal_Pradesh,Shimla,264840,2831,0.0005027603840905191,1.0689472889291647
Karnataka,Bengaluru,264840,2804,0.00052058031954683,1.0587524543120375
Karnataka,Dharwad,264840,2794,0.000486511654381568,1.0549765896390273
Rajasthan,Kota,264840,2699,0.00039933176845811957,1.0191058752454312
Punjab,Amritsar,264840,2669,0.0003732756531127302,1.007778281226401
Haryana,Rohtak,264840,2602,0.000368541279346413,0.9824799879172331
Manipur,Imphal,264840,2420,0.0004738468823523068,0.9137592508684489
Odisha,Koraput,264840,2328,0.0005244841010581171,0.8790212958767557
Delhi,New_Delhi,264840,2122,0.0003485697474992213,0.8012384836127474
Delhi,Delhi_North,264840,2041,0.00035129389336594006,0.7706539797613653
Uttar_Pradesh,Agra,264840,1941,0.00032073120475099956,0.7328953330312642
Karnataka,Hubballi,264840,1902,0.00041117918100271825,0.7181694608065248
West_Bengal,Midnapore,264840,1832,0.00029389246383676156,0.6917384080954538
West_Bengal,Kolkata,264840,1753,0.0003483072491727616,0.6619090771786739
Uttar_Pradesh,Varanasi,264840,1730,0.0003113597496038285,0.6532245884307506
Bihar,Purnia,264840,1719,0.0003243938943739726,0.6490711372904395
Bihar,Darbhanga,264840,1703,0.00031614348896023587,0.6430297538136234
Madhya_Pradesh,Gwalior,264840,1703,0.000339344220635482,0.6430297538136234
Uttar_Pradesh,Lucknow,264840,1689,0.0002999017752673241,0.6377435432714091
Chandigarh,Chandigarh,264840,1675,0.0004012913931861077,0.6324573327291949
Gujarat,Surat,264840,1635,0.0002890490893949548,0.6173538740371546
Gujarat,Bhavnagar,264840,1594,0.00028675149130270514,0.601872828877813
Bihar,Muzaffarpur,264840,1526,0.00031664404050501166,0.5761969491013442
Mizoram,Lunglei,264840,1504,0.0004723764063032853,0.567890046820722
Uttar_Pradesh,Kanpur,264840,1502,0.0002948874424827342,0.5671348738861199
West_Bengal,Murshidabad,264840,1492,0.0003291970236513115,0.5633590092131098
Bihar,Patna,264840,1452,0.00032235126437524394,0.5482555505210693
Uttar_Pradesh,Meerut,264840,1416,0.0003414635104779372,0.534662437698233
Uttar_Pradesh,Jhansi,264840,1383,0.0003531516870577143,0.5222020842772995
Mizoram,Aizawl,264840,1351,0.000443160617241356,0.5101193173236671
Kerala,Idukki,264840,1299,0.00037068490807398854,0.4904848210240145
Maharashtra,Kolhapur,264840,1293,0.0003974330474693452,0.4882193022202084
Manipur,Thoubal,264840,1212,0.00045303795440047184,0.4576347983688264
Haryana,Karnal,264840,1208,0.0003433180030129063,0.4561244524996224
Telangana,Hyderabad,264840,1191,0.00033110652739876877,0.4497054825555052
Uttar_Pradesh,Gorakhpur,264840,1169,0.0002959545302142373,0.441398580274883
Tripura,Agartala,264840,1152,0.0003229821720140445,0.4349796103307657
Bihar,Bhagalpur,264840,1146,0.00031140502878282595,0.4327140915269596
Chhattisgarh,Bilaspur,264840,1145,0.00034101956715829567,0.4323365050596587
Uttar_Pradesh,Allahabad,264840,1132,0.00029205484275713543,0.4274278809847455
Punjab,Patiala,264840,1068,0.00034633367873305944,0.4032623470774807
Bihar,Gaya,264840,990,0.0002779365164445382,0.3738106026280018
Punjab,Ludhiana,264840,934,0.0003410350531708863,0.35266576045914516
Uttar_Pradesh,Bareilly,264840,928,0.00030470162355951576,0.35040024165533906
Nagaland,Kohima,264840,926,0.0003839797876404762,0.34964506872073703
Karnataka,Kalaburagi,264840,911,0.00029117635513943146,0.34398127171122184
Madhya_Pradesh,Rewa,264840,904,0.0003578236735112897,0.3413381664401148
Karnataka,Shivamogga,264840,834,0.0003997486935950967,0.31490711372904395
Karnataka,Mysuru,264840,812,0.0004251769142175819,0.3066002114484217
Chhattisgarh,Raipur,264840,791,0.00033167051691553983,0.2986708956351004
Chhattisgarh,Durg,264840,747,0.00033143660179990223,0.28205709107385596
Maharashtra,Nagpur,264840,733,0.0003363766982694069,0.2767708805316417
Haryana,Ambala,264840,706,0.00034613840116343603,0.26657604591451445
Punjab,Jalandhar,264840,687,0.00033174295974638517,0.2594019030357952
Tripura,Udaipur_TR,264840,619,0.0002866492392682054,0.2337260232593264
Kerala,Wayanad,264840,618,0.0004081891381734956,0.23334843679202535
Tamil_Nadu,Ooty,264840,617,0.00035022589011111395,0.23297085032472437
Assam,Silchar,264840,552,0.00030680988872734227,0.20842772995015857
Maharashtra,Solapur,264840,552,0.0002768679395318328,0.20842772995015857
Punjab,Gurdaspur,264840,548,0.00033619304571933894,0.20691738408095453
Odisha,Cuttack,264840,517,0.00027286425927633846,0.19521220359462316
Manipur,Churachandpur,264840,514,0.00045920404329002456,0.19407944419272014
Meghalaya,Shillong,264840,509,0.0003805941555723214,0.19219151185621508
West_Bengal,Cooch_Behar,264840,489,0.0002885828013768108,0.18463978251019483
Maharashtra,Amravati,264840,444,0.00033063174499753584,0.1676483914816493
Dadra_Nagar_Haveli,Silvassa,264840,433,0.00020684510174472006,0.16349494034133816
Tripura,Dharmanagar,264840,381,0.00028889384408938533,0.14386044404168555
Daman_Diu,Daman,264840,373,0.00021748032729969897,0.14083975230327744
Uttarakhand,Roorkee,264840,333,0.00033820435814885643,0.12573629361123695
Nagaland,Mokokchung,264840,317,0.0004089827628270477,0.11969491013442078
Sikkim,Namchi,264840,300,0.0003402918322782421,0.11327594019030357
Meghalaya,Cherrapunji,264840,275,0.0003490674063887174,0.10383627850777828
Odisha,Bhubaneswar,264840,263,0.00024371492919109542,0.09930524090016614
West_Bengal,Durgapur,264840,261,0.00023895447469116622,0.0985500679655641
Telangana,Adilabad,264840,256,0.000301674198717965,0.09666213562905905
Meghalaya,Jowai,264840,230,0.000352120812081464,0.08684488747923275
Uttarakhand,Haridwar,264840,227,0.00033919337211276807,0.08571212807732971
Odisha,Berhampur,264840,209,0.000228271447573396,0.0789155716659115
West_Bengal,Asansol,264840,208,0.00024078384615945525,0.07853798519861048
Jharkhand,Dhanbad,264840,200,0.0003173274318109999,0.07551729346020239
Maharashtra,Mumbai,264840,196,0.00019330623260980552,0.07400694759099834
Telangana,Nizamabad,264840,192,0.0002890184728970743,0.0724966017217943
Jharkhand,Bokaro,264840,148,0.0002956507016315612,0.055882797160549766
Assam,Guwahati,264840,145,0.0002682747737575098,0.05475003775864673
Telangana,Karimnagar,264840,121,0.0002852022096174342,0.045687962543422445
Odisha,Rourkela,264840,119,0.0002752789486525576,0.04493278960882042
Jharkhand,Jamshedpur,264840,117,0.00024223164856790335,0.0441776166742184
Arunachal_Pradesh,Itanagar,264840,103,0.0003838272919778683,0.03889140613200423
Sikkim,Gangtok,264840,83,0.0003202237487301502,0.03133967678598399
West_Bengal,Siliguri,264840,76,0.00023842553909756136,0.028696571514876906
Odisha,Sambalpur,264840,67,0.00024035823542333125,0.0252982933091678
Telangana,Warangal,264840,65,0.00027620448674403044,0.024543120374565776
Assam,Tezpur,264840,54,0.0002554184778789951,0.020389669234254646
Andhra_Pradesh,Kurnool,264840,53,0.0002690173517828821,0.020012082766953633
Andhra_Pradesh,Vijayawada,264840,50,0.00018125502164228902,0.018879323365050597
West_Bengal,Darjeeling,264840,43,0.00044177616642801406,0.016236218093943513
Arunachal_Pradesh,Pasighat,264840,28,0.00027337093372134443,0.010572421084428334
Andhra_Pradesh,Nellore,264840,28,0.0001966085935902984,0.010572421084428334
Goa,Panaji,264840,26,0.00015578993548933013,0.00981724814982631
Assam,Nagaon,264840,25,0.00026086156764380786,0.009439661682525299
Andhra_Pradesh,Kakinada,264840,24,0.0001977750023009131,0.009062075215224287
Goa,Margao,264840,16,0.00014412255107835482,0.006041383476816191
Andhra_Pradesh,Visakhapatnam,264840,15,0.00016964347497482306,0.005663797009515179
Arunachal_Pradesh,Bomdila,264840,12,0.000580239646537202,0.004531037607612144
Goa,Vasco,264840,11,0.00015353363858662628,0.0041534511403111315
Telangana,Khammam,264840,9,0.00020448018041812805,0.003398278205709107
Karnataka,Mangaluru,264840,9,0.00012778725007271945,0.003398278205709107
Kerala,Thrissur,264840,7,0.0001447936000665015,0.0026431052711070836
Tamil_Nadu,Coimbatore,264840,7,0.000293919829785157,0.0026431052711070836
Meghalaya,Tura,264840,6,0.0003517539092727648,0.002265518803806072
Tamil_Nadu,Salem,264840,5,0.0002659914282013666,0.0018879323365050596
Assam,Jorhat,264840,4,0.00027442864517802934,0.0015103458692040477
Maharashtra,Ratnagiri,264840,2,0.00014574768884595754,0.0007551729346020238
Kerala,Kochi,264840,2,0.00012113145674984017,0.0007551729346020238
Andaman_Nicobar,Car_Nicobar,264840,1,0.00010561563645114551,0.0003775864673010119
Andhra_Pradesh,Tirupati,264840,0,0.00023263520696061404,0.0
Assam,Dibrugarh,264840,0,0.00024484163736739447,0.0
Andaman_Nicobar,Port_Blair,264840,0,0.00010737012361984274,0.0
Kerala,Kollam,264839,0,0.00011317844387412541,0.0
Lakshadweep,Kavaratti,264840,0,0.00011233549423004587,0.0
Kerala,Thiruvananthapuram,264840,0,0.00013502174166626568,0.0
Kerala,Kozhikode,264840,0,0.00014176648233657,0.0
Nagaland,Dimapur,264840,0,0.0002600680723003016,0.0
Tamil_Nadu,Thanjavur,264840,0,0.00018615916124103778,0.0
Tamil_Nadu,Tirunelveli,264840,0,0.00019726339068874054,0.0
Tamil_Nadu,Madurai,264840,0,0.00022887970384392471,0.0
Puducherry,Puducherry,264840,0,0.00014726806448852185,0.0
Puducherry,Karaikal,264840,0,0.00015189535388501004,0.0
Tamil_Nadu,Chennai,264840,0,0.00017584001002656223,0.0
Tamil_Nadu,Vellore,264840,0,0.0002574863662535823,0.0
